source_video_id,source_url,platform,n_task_clips,note
001,https://www.bilibili.com/video/BV1BN4y1P7Mr/,bilibili,1,
002,https://www.bilibili.com/video/BV1Gc411P7ai/,bilibili,2,
003,https://www.bilibili.com/video/BV1BV411m7ra/,bilibili,3,
004,https://www.bilibili.com/video/BV1ey4y1x7KD/,bilibili,3,
005,https://www.bilibili.com/video/BV1954y1C7u9/,bilibili,1,
006,https://www.bilibili.com/video/BV16m411Q7Tv/,bilibili,2,
007,https://www.bilibili.com/video/BV12u4y1a7st/,bilibili,2,
008,https://www.bilibili.com/video/BV1pb4y167MP/,bilibili,1,
009,https://www.bilibili.com/video/BV1b64y1i7sW/,bilibili,7,
010,https://www.bilibili.com/video/BV14i4y1z7AC/,bilibili,3,
011,https://www.bilibili.com/video/BV1ve411H749/,bilibili,3,
012,https://www.bilibili.com/video/BV1oYymB3EtC/,bilibili,3,
013,https://www.bilibili.com/video/BV1Kr4y1A71D/,bilibili,3,
014,https://www.bilibili.com/video/BV18o4y187SC/,bilibili,1,
015,https://www.bilibili.com/video/BV16t42137yo/,bilibili,4,
016,https://www.bilibili.com/video/BV181421S7jh/,bilibili,1,
017,https://www.bilibili.com/video/BV1ds4y137Yh,bilibili,1,
018,https://www.bilibili.com/video/BV1844y1S7ut/,bilibili,3,
019,https://www.bilibili.com/video/BV1XGMizbEjR/,bilibili,1,
020,https://www.bilibili.com/video/BV1PwotYvEUG/,bilibili,2,
021,https://www.bilibili.com/video/BV1ANotYYEUW/,bilibili,2,
022,https://www.bilibili.com/video/BV1aJ411c7Yr/,bilibili,1,
023,https://www.bilibili.com/video/BV1RJ411P7St/,bilibili,2,
024,https://www.bilibili.com/video/BV14iDkBxEqb/,bilibili,2,
025,https://www.bilibili.com/video/BV1yU4y157uE/,bilibili,2,
026,https://www.bilibili.com/video/BV1XJ411P796/,bilibili,2,
027,https://www.bilibili.com/video/BV1aJ411c7n5/,bilibili,2,
028,https://www.bilibili.com/video/BV1VT411g7CR/,bilibili,2,
029,https://www.bilibili.com/video/BV12w4m1X7vn/,bilibili,2,
030,https://www.bilibili.com/video/BV1eCtdzBECL/,bilibili,2,
031,https://www.bilibili.com/video/BV1Ns411M7zf/,bilibili,6,
032,https://www.bilibili.com/video/BV1Ns411M7zf/?p=2,bilibili,8,
033,https://www.bilibili.com/video/BV1Ns411M7zf/?p=6,bilibili,7,
034,https://www.bilibili.com/video/BV1Ns411M7zf/?p=5,bilibili,3,
035,https://www.bilibili.com/video/BV1AU4y1871C/,bilibili,4,
036,FineBio,finebio,1,FineBio/all_w640/finebio_videos_w640/P02_01_02.mp4
037,FineBio,finebio,4,FineBio/all_w640/finebio_videos_w640/P05_01_02.mp4
038,FineBio,finebio,1,FineBio/all_w640/finebio_videos_w640/P22_02_03.mp4
039,FineBio,finebio,1,FineBio/all_w640/finebio_videos_w640/P07_01_01.mp4
040,FineBio,finebio,1,FineBio/all_w640/finebio_videos_w640/P08_01_01.mp4
041,FineBio,finebio,2,FineBio/all_w640/finebio_videos_w640/P11_01_02.mp4
042,FineBio,finebio,1,FineBio/all_w640/finebio_videos_w640/P20_02_01.mp4
043,FineBio,finebio,2,FineBio/all_w640/finebio_videos_w640/P22_01_03.mp4
044,FineBio,finebio,1,FineBio/all_w640/finebio_videos_w640/P28_02_02.mp4
045,FineBio,finebio,1,FineBio/all_w640/finebio_videos_w640/P20_01_01.mp4
046,FineBio,finebio,1,FineBio/all_w640/finebio_videos_w640/P03_01_02.mp4
047,FineBio,finebio,2,FineBio/all_w640/finebio_videos_w640/P01_01_01.mp4
048,FineBio,finebio,3,FineBio/all_w640/finebio_videos_w640/P14_02_02.mp4
049,FineBio,finebio,1,FineBio/all_w640/finebio_videos_w640/P08_02_01.mp4
050,FineBio,finebio,1,FineBio/all_w640/finebio_videos_w640/P28_01_01.mp4
051,https://huggingface.co/datasets/OpenGVLab/ExpVid,expvid,4,ExpVid/videos/level_2/video_segments/2465/clip_5.mp4
052,https://huggingface.co/datasets/OpenGVLab/ExpVid,expvid,5,ExpVid/videos/level_2/video_segments/3250/clip_7.mp4
053,https://huggingface.co/datasets/OpenGVLab/ExpVid,expvid,5,ExpVid/videos/level_2/video_segments/2355/clip_3.mp4
054,https://www.bilibili.com/video/BV1C5fAYTE9A/,bilibili,2,
055,https://www.bilibili.com/video/BV1qT4y1L7oW/,bilibili,4,
056,https://www.bilibili.com/video/BV1UE411H7oD/,bilibili,2,
057,https://www.bilibili.com/video/BV1oKLmzmEAX/,bilibili,1,
058,https://www.bilibili.com/video/BV1Pb4y1a7zH/,bilibili,1,
059,https://www.bilibili.com/video/BV1iK411177R/,bilibili,1,
060,https://www.bilibili.com/video/BV1QQ4y1s7mq/,bilibili,1,
061,https://www.bilibili.com/video/BV1JR4y1k7JQ/,bilibili,1,
062,https://www.youtube.com/watch?v=0UymyTJATLc,youtube,2,
063,https://www.youtube.com/watch?v=b7wB7UN6wjw,youtube,2,
064,https://www.bilibili.com/video/BV1gv411e7sN/,bilibili,1,
065,https://www.bilibili.com/video/BV1i3411A7x1/,bilibili,1,
066,https://www.bilibili.com/video/BV1wv41137Lt/,bilibili,1,
067,https://www.bilibili.com/video/BV1L541177wQ/,bilibili,1,
068,https://www.bilibili.com/video/BV1bt411f7zi/,bilibili,1,
069,https://www.bilibili.com/video/BV1t5411c7LC/,bilibili,3,
070,https://www.bilibili.com/video/BV1t5411c7LC/?p=2,bilibili,4,
071,https://www.bilibili.com/video/BV1t5411c7LC/?p=3,bilibili,1,
072,https://www.bilibili.com/video/BV1t5411c7LC/?p=4,bilibili,5,
073,https://www.bilibili.com/video/BV1t5411c7LC/?p=6,bilibili,2,
074,https://www.bilibili.com/video/BV1t5411c7LC/?p=8,bilibili,5,
075,https://www.bilibili.com/video/BV1t5411c7LC/?p=9,bilibili,5,
076,https://www.bilibili.com/video/BV1t5411c7LC/?p=11,bilibili,6,
077,https://www.bilibili.com/video/BV1t5411c7LC/?p=7,bilibili,5,
078,https://www.bilibili.com/video/BV14p4y1Y7kU/?p=4,bilibili,3,
079,https://www.bilibili.com/video/BV14p4y1Y7kU/?p=7,bilibili,5,
080,https://www.bilibili.com/video/BV1w4411P78p/?p=7,bilibili,5,
081,https://www.bilibili.com/video/BV11Sn1zuE4S/?p=5,bilibili,2,